{
    "openId":"123",
    "userName":"王永刚",
    "companyList":[{
        "companyId":1,
        "companyName":"王家猪厂",
        "companyCode":"12581",
        "tel":"13683717560",
        "address":"东风路",
        "email":"",
        "introduction":"",
        "logUrl":"",
        "shortName":"王",
        "linkMan":"",
        "philosophy":"",
        "companyState":1,
        "expirationTime":"",
        "insertTime":"",
        "extension":"",
        "sysName":""
    }
    ,{
        "companyId":2,
        "companyName":"马哥档猪场",
        "companyCode":"12582",
        "tel":"15838330528",
        "address":"农业路",
        "email":"",
        "introduction":"",
        "logUrl":"",
        "shortName":"吗格挡",
        "linkMan":"",
        "philosophy":"",
        "companyState":1,
        "expirationTime":"",
        "insertTime":"",
        "extension":"",
        "sysName":""
    }],
    "isHasCompany":1,
    "companyState":1,
    "companyId":1,
    "companyName":"王家猪厂",
    "userId":1,
    "userState":1,
    "roleName":"员工"
}