{
    "results": [
        {
            "user": {
                "gender": "female",
                "name": {
                    "title": "miss",
                    "first": "sophie",
                    "last": "caldwell"
                },
                "location": {
                    "street": "1424 sunset st",
                    "city": "bendigo",
                    "state": "queensland",
                    "zip": 59698
                },
                "email": "sophie.caldwell@example.com",
                "phone": "07-2163-0693",
                "cell": "0452-513-669",
                "picture": {
                    "large": "https://randomuser.me/api/portraits/women/9.jpg",
                    "medium": "https://randomuser.me/api/portraits/med/women/9.jpg",
                    "thumbnail": "https://randomuser.me/api/portraits/thumb/women/9.jpg"
                }
            }
        },
        {
            "user": {
                "gender": "male",
                "name": {
                    "title": "mr",
                    "first": "tony",
                    "last": "bailey"
                },
                "location": {
                    "street": "8614 ash dr",
                    "city": "perth",
                    "state": "western australia",
                    "zip": 87366
                },
                "email": "tony.bailey@example.com",
                "phone": "08-3718-4163",
                "cell": "0441-916-837",
                "picture": {
                    "large": "https://randomuser.me/api/portraits/men/48.jpg",
                    "medium": "https://randomuser.me/api/portraits/med/men/48.jpg",
                    "thumbnail": "https://randomuser.me/api/portraits/thumb/men/48.jpg"
                }
            }
        },
        {
            "user": {
                "gender": "male",
                "name": {
                    "title": "mr",
                    "first": "duane",
                    "last": "banks"
                },
                "location": {
                    "street": "3458 valley view ln",
                    "city": "port macquarie",
                    "state": "new south wales",
                    "zip": 45950
                },
                "email": "duane.banks@example.com",
                "phone": "05-5707-7573",
                "cell": "0437-283-974",
                "picture": {
                    "large": "https://randomuser.me/api/portraits/men/73.jpg",
                    "medium": "https://randomuser.me/api/portraits/med/men/73.jpg",
                    "thumbnail": "https://randomuser.me/api/portraits/thumb/men/73.jpg"
                }
            }
        },
        {
            "user": {
                "gender": "male",
                "name": {
                    "title": "mr",
                    "first": "brent",
                    "last": "moore"
                },
                "location": {
                    "street": "1075 spring hill rd",
                    "city": "queanbeyan",
                    "state": "queensland",
                    "zip": 90922
                },
                "email": "brent.moore@example.com",
                "phone": "04-9947-9172",
                "cell": "0432-796-263",
                "picture": {
                    "large": "https://randomuser.me/api/portraits/men/11.jpg",
                    "medium": "https://randomuser.me/api/portraits/med/men/11.jpg",
                    "thumbnail": "https://randomuser.me/api/portraits/thumb/men/11.jpg"
                }
            }
        },
        {
            "user": {
                "gender": "male",
                "name": {
                    "title": "mr",
                    "first": "sean",
                    "last": "beck"
                },
                "location": {
                    "street": "7094 depaul dr",
                    "city": "wollongong",
                    "state": "new south wales",
                    "zip": 20664
                },
                "email": "sean.beck@example.com",
                "phone": "07-6059-0194",
                "cell": "0483-427-071",
                "picture": {
                    "large": "https://randomuser.me/api/portraits/men/47.jpg",
                    "medium": "https://randomuser.me/api/portraits/med/men/47.jpg",
                    "thumbnail": "https://randomuser.me/api/portraits/thumb/men/47.jpg"
                }
            }
        },
        {
            "user": {
                "gender": "male",
                "name": {
                    "title": "mr",
                    "first": "benjamin",
                    "last": "ross"
                },
                "location": {
                    "street": "8010 paddock way",
                    "city": "traralgon",
                    "state": "queensland",
                    "zip": 68030
                },
                "email": "benjamin.ross@example.com",
                "phone": "04-7166-3431",
                "cell": "0482-021-325",
                "picture": {
                    "large": "https://randomuser.me/api/portraits/men/71.jpg",
                    "medium": "https://randomuser.me/api/portraits/med/men/71.jpg",
                    "thumbnail": "https://randomuser.me/api/portraits/thumb/men/71.jpg"
                }
            }
        },
        {
            "user": {
                "gender": "female",
                "name": {
                    "title": "miss",
                    "first": "brandie",
                    "last": "rhodes"
                },
                "location": {
                    "street": "5072 w 6th st",
                    "city": "adelaide",
                    "state": "south australia",
                    "zip": 27877
                },
                "email": "brandie.rhodes@example.com",
                "phone": "04-5943-6643",
                "cell": "0479-979-065",
                "picture": {
                    "large": "https://randomuser.me/api/portraits/women/83.jpg",
                    "medium": "https://randomuser.me/api/portraits/med/women/83.jpg",
                    "thumbnail": "https://randomuser.me/api/portraits/thumb/women/83.jpg"
                }
            }
        },
        {
            "user": {
                "gender": "female",
                "name": {
                    "title": "mrs",
                    "first": "edith",
                    "last": "mason"
                },
                "location": {
                    "street": "9354 wycliff ave",
                    "city": "coffs harbour",
                    "state": "australian capital territory",
                    "zip": 64616
                },
                "email": "edith.mason@example.com",
                "phone": "08-4728-8530",
                "cell": "0456-037-485",
                "picture": {
                    "large": "https://randomuser.me/api/portraits/women/60.jpg",
                    "medium": "https://randomuser.me/api/portraits/med/women/60.jpg",
                    "thumbnail": "https://randomuser.me/api/portraits/thumb/women/60.jpg"
                }
            }
        },
        {
            "user": {
                "gender": "male",
                "name": {
                    "title": "mr",
                    "first": "marvin",
                    "last": "phillips"
                },
                "location": {
                    "street": "2140 e center st",
                    "city": "tweed",
                    "state": "western australia",
                    "zip": 80771
                },
                "email": "marvin.phillips@example.com",
                "phone": "06-2654-8989",
                "cell": "0498-557-009",
                "picture": {
                    "large": "https://randomuser.me/api/portraits/men/7.jpg",
                    "medium": "https://randomuser.me/api/portraits/med/men/7.jpg",
                    "thumbnail": "https://randomuser.me/api/portraits/thumb/men/7.jpg"
                }
            }
        },
        {
            "user": {
                "gender": "male",
                "name": {
                    "title": "mr",
                    "first": "kent",
                    "last": "barnes"
                },
                "location": {
                    "street": "2575 fincher rd",
                    "city": "darwin",
                    "state": "victoria",
                    "zip": 47600
                },
                "email": "kent.barnes@example.com",
                "phone": "03-4437-9166",
                "cell": "0415-327-735",
                "picture": {
                    "large": "https://randomuser.me/api/portraits/men/47.jpg",
                    "medium": "https://randomuser.me/api/portraits/med/men/47.jpg",
                    "thumbnail": "https://randomuser.me/api/portraits/thumb/men/47.jpg"
                }
            }
        },
        {
            "user": {
                "gender": "female",
                "name": {
                    "title": "mrs",
                    "first": "beverley",
                    "last": "beck"
                },
                "location": {
                    "street": "8960 adams st",
                    "city": "toowoomba",
                    "state": "australian capital territory",
                    "zip": 63618
                },
                "email": "beverley.beck@example.com",
                "phone": "04-3005-6101",
                "cell": "0406-878-088",
                "picture": {
                    "large": "https://randomuser.me/api/portraits/women/29.jpg",
                    "medium": "https://randomuser.me/api/portraits/med/women/29.jpg",
                    "thumbnail": "https://randomuser.me/api/portraits/thumb/women/29.jpg"
                }
            }
        },
        {
            "user": {
                "gender": "female",
                "name": {
                    "title": "miss",
                    "first": "amy",
                    "last": "simmons"
                },
                "location": {
                    "street": "6484 northaven rd",
                    "city": "queanbeyan",
                    "state": "queensland",
                    "zip": 68488
                },
                "email": "amy.simmons@example.com",
                "phone": "09-3263-6850",
                "cell": "0477-578-718",
                "picture": {
                    "large": "https://randomuser.me/api/portraits/women/26.jpg",
                    "medium": "https://randomuser.me/api/portraits/med/women/26.jpg",
                    "thumbnail": "https://randomuser.me/api/portraits/thumb/women/26.jpg"
                }
            }
        },
        {
            "user": {
                "gender": "female",
                "name": {
                    "title": "miss",
                    "first": "amber",
                    "last": "beck"
                },
                "location": {
                    "street": "2359 green rd",
                    "city": "toowoomba",
                    "state": "australian capital territory",
                    "zip": 51095
                },
                "email": "amber.beck@example.com",
                "phone": "04-9092-1342",
                "cell": "0450-542-271",
                "picture": {
                    "large": "https://randomuser.me/api/portraits/women/6.jpg",
                    "medium": "https://randomuser.me/api/portraits/med/women/6.jpg",
                    "thumbnail": "https://randomuser.me/api/portraits/thumb/women/6.jpg"
                }
            }
        },
        {
            "user": {
                "gender": "male",
                "name": {
                    "title": "mr",
                    "first": "alexander",
                    "last": "james"
                },
                "location": {
                    "street": "4989 taylor st",
                    "city": "townsville",
                    "state": "australian capital territory",
                    "zip": 19252
                },
                "email": "alexander.james@example.com",
                "phone": "06-8907-8815",
                "cell": "0402-305-929",
                "picture": {
                    "large": "https://randomuser.me/api/portraits/men/64.jpg",
                    "medium": "https://randomuser.me/api/portraits/med/men/64.jpg",
                    "thumbnail": "https://randomuser.me/api/portraits/thumb/men/64.jpg"
                }
            }
        },
        {
            "user": {
                "gender": "female",
                "name": {
                    "title": "mrs",
                    "first": "regina",
                    "last": "ramirez"
                },
                "location": {
                    "street": "7524 taylor st",
                    "city": "wollongong",
                    "state": "new south wales",
                    "zip": 22528
                },
                "email": "regina.ramirez@example.com",
                "phone": "04-8018-9948",
                "cell": "0489-425-513",
                "picture": {
                    "large": "https://randomuser.me/api/portraits/women/25.jpg",
                    "medium": "https://randomuser.me/api/portraits/med/women/25.jpg",
                    "thumbnail": "https://randomuser.me/api/portraits/thumb/women/25.jpg"
                }
            }
        },
        {
            "user": {
                "gender": "female",
                "name": {
                    "title": "miss",
                    "first": "annie",
                    "last": "ford"
                },
                "location": {
                    "street": "3300 valley view ln",
                    "city": "australian capital territory",
                    "state": "western australia",
                    "zip": 89280
                },
                "email": "annie.ford@example.com",
                "phone": "07-1375-1046",
                "cell": "0410-833-943",
                "picture": {
                    "large": "https://randomuser.me/api/portraits/women/61.jpg",
                    "medium": "https://randomuser.me/api/portraits/med/women/61.jpg",
                    "thumbnail": "https://randomuser.me/api/portraits/thumb/women/61.jpg"
                }
            }
        },
        {
            "user": {
                "gender": "male",
                "name": {
                    "title": "mr",
                    "first": "ritthy",
                    "last": "carter"
                },
                "location": {
                    "street": "1124 daisy dr",
                    "city": "dubbo",
                    "state": "australian capital territory",
                    "zip": 54863
                },
                "email": "ritthy.carter@example.com",
                "phone": "06-3785-1522",
                "cell": "0426-883-444",
                "picture": {
                    "large": "https://randomuser.me/api/portraits/men/42.jpg",
                    "medium": "https://randomuser.me/api/portraits/med/men/42.jpg",
                    "thumbnail": "https://randomuser.me/api/portraits/thumb/men/42.jpg"
                }
            }
        },
        {
            "user": {
                "gender": "male",
                "name": {
                    "title": "mr",
                    "first": "randall",
                    "last": "barnes"
                },
                "location": {
                    "street": "6795 central st",
                    "city": "albury",
                    "state": "australian capital territory",
                    "zip": 11344
                },
                "email": "randall.barnes@example.com",
                "phone": "09-7397-5026",
                "cell": "0419-564-344",
                "picture": {
                    "large": "https://randomuser.me/api/portraits/men/85.jpg",
                    "medium": "https://randomuser.me/api/portraits/med/men/85.jpg",
                    "thumbnail": "https://randomuser.me/api/portraits/thumb/men/85.jpg"
                }
            }
        },
        {
            "user": {
                "gender": "female",
                "name": {
                    "title": "ms",
                    "first": "alicia",
                    "last": "sanders"
                },
                "location": {
                    "street": "4360 smokey ln",
                    "city": "maitland",
                    "state": "south australia",
                    "zip": 24138
                },
                "email": "alicia.sanders@example.com",
                "phone": "00-6325-6501",
                "cell": "0436-113-944",
                "picture": {
                    "large": "https://randomuser.me/api/portraits/women/30.jpg",
                    "medium": "https://randomuser.me/api/portraits/med/women/30.jpg",
                    "thumbnail": "https://randomuser.me/api/portraits/thumb/women/30.jpg"
                }
            }
        },
        {
            "user": {
                "gender": "male",
                "name": {
                    "title": "mr",
                    "first": "manuel",
                    "last": "craig"
                },
                "location": {
                    "street": "5980 green rd",
                    "city": "geraldton",
                    "state": "northern territory",
                    "zip": 64032
                },
                "email": "manuel.craig@example.com",
                "phone": "08-2442-9981",
                "cell": "0494-175-480",
                "picture": {
                    "large": "https://randomuser.me/api/portraits/men/48.jpg",
                    "medium": "https://randomuser.me/api/portraits/med/men/48.jpg",
                    "thumbnail": "https://randomuser.me/api/portraits/thumb/men/48.jpg"
                }
            }
        },
        {
            "user": {
                "gender": "female",
                "name": {
                    "title": "miss",
                    "first": "tamara",
                    "last": "allen"
                },
                "location": {
                    "street": "7173 wycliff ave",
                    "city": "cairns",
                    "state": "queensland",
                    "zip": 46597
                },
                "email": "tamara.allen@example.com",
                "phone": "06-5485-5546",
                "cell": "0417-913-054",
                "picture": {
                    "large": "https://randomuser.me/api/portraits/women/80.jpg",
                    "medium": "https://randomuser.me/api/portraits/med/women/80.jpg",
                    "thumbnail": "https://randomuser.me/api/portraits/thumb/women/80.jpg"
                }
            }
        },
        {
            "user": {
                "gender": "female",
                "name": {
                    "title": "ms",
                    "first": "esther",
                    "last": "montgomery"
                },
                "location": {
                    "street": "2265 n stelling rd",
                    "city": "brisbane",
                    "state": "victoria",
                    "zip": 52193
                },
                "email": "esther.montgomery@example.com",
                "phone": "08-0064-9863",
                "cell": "0434-041-076",
                "picture": {
                    "large": "https://randomuser.me/api/portraits/women/25.jpg",
                    "medium": "https://randomuser.me/api/portraits/med/women/25.jpg",
                    "thumbnail": "https://randomuser.me/api/portraits/thumb/women/25.jpg"
                }
            }
        },
        {
            "user": {
                "gender": "female",
                "name": {
                    "title": "ms",
                    "first": "julia",
                    "last": "holmes"
                },
                "location": {
                    "street": "5632 e sandy lake rd",
                    "city": "dubbo",
                    "state": "northern territory",
                    "zip": 22861
                },
                "email": "julia.holmes@example.com",
                "phone": "05-7606-5860",
                "cell": "0477-708-487",
                "picture": {
                    "large": "https://randomuser.me/api/portraits/women/57.jpg",
                    "medium": "https://randomuser.me/api/portraits/med/women/57.jpg",
                    "thumbnail": "https://randomuser.me/api/portraits/thumb/women/57.jpg"
                }
            }
        },
        {
            "user": {
                "gender": "female",
                "name": {
                    "title": "ms",
                    "first": "sally",
                    "last": "white"
                },
                "location": {
                    "street": "8717 green rd",
                    "city": "toowoomba",
                    "state": "queensland",
                    "zip": 66077
                },
                "email": "sally.white@example.com",
                "phone": "06-6483-8153",
                "cell": "0410-958-250",
                "picture": {
                    "large": "https://randomuser.me/api/portraits/women/32.jpg",
                    "medium": "https://randomuser.me/api/portraits/med/women/32.jpg",
                    "thumbnail": "https://randomuser.me/api/portraits/thumb/women/32.jpg"
                }
            }
        },
        {
            "user": {
                "gender": "male",
                "name": {
                    "title": "mr",
                    "first": "lance",
                    "last": "burton"
                },
                "location": {
                    "street": "1783 depaul dr",
                    "city": "rockhampton",
                    "state": "tasmania",
                    "zip": 82869
                },
                "email": "lance.burton@example.com",
                "phone": "07-8959-4197",
                "cell": "0469-288-338",
                "picture": {
                    "large": "https://randomuser.me/api/portraits/men/13.jpg",
                    "medium": "https://randomuser.me/api/portraits/med/men/13.jpg",
                    "thumbnail": "https://randomuser.me/api/portraits/thumb/men/13.jpg"
                }
            }
        },
        {
            "user": {
                "gender": "male",
                "name": {
                    "title": "mr",
                    "first": "ernest",
                    "last": "white"
                },
                "location": {
                    "street": "6030 dogwood ave",
                    "city": "bowral",
                    "state": "western australia",
                    "zip": 18708
                },
                "email": "ernest.white@example.com",
                "phone": "03-9036-0934",
                "cell": "0482-299-335",
                "picture": {
                    "large": "https://randomuser.me/api/portraits/men/14.jpg",
                    "medium": "https://randomuser.me/api/portraits/med/men/14.jpg",
                    "thumbnail": "https://randomuser.me/api/portraits/thumb/men/14.jpg"
                }
            }
        },
        {
            "user": {
                "gender": "male",
                "name": {
                    "title": "mr",
                    "first": "roger",
                    "last": "gray"
                },
                "location": {
                    "street": "6122 wheeler ridge dr",
                    "city": "australian capital territory",
                    "state": "northern territory",
                    "zip": 70662
                },
                "email": "roger.gray@example.com",
                "phone": "02-9383-8780",
                "cell": "0484-864-858",
                "picture": {
                    "large": "https://randomuser.me/api/portraits/men/12.jpg",
                    "medium": "https://randomuser.me/api/portraits/med/men/12.jpg",
                    "thumbnail": "https://randomuser.me/api/portraits/thumb/men/12.jpg"
                }
            }
        },
        {
            "user": {
                "gender": "male",
                "name": {
                    "title": "mr",
                    "first": "chester",
                    "last": "kim"
                },
                "location": {
                    "street": "6064 fincher rd",
                    "city": "maitland",
                    "state": "tasmania",
                    "zip": 25626
                },
                "email": "chester.kim@example.com",
                "phone": "00-0719-2630",
                "cell": "0481-220-969",
                "picture": {
                    "large": "https://randomuser.me/api/portraits/men/36.jpg",
                    "medium": "https://randomuser.me/api/portraits/med/men/36.jpg",
                    "thumbnail": "https://randomuser.me/api/portraits/thumb/men/36.jpg"
                }
            }
        },
        {
            "user": {
                "gender": "female",
                "name": {
                    "title": "ms",
                    "first": "erika",
                    "last": "berry"
                },
                "location": {
                    "street": "9559 thornridge cir",
                    "city": "hobart",
                    "state": "western australia",
                    "zip": 56692
                },
                "email": "erika.berry@example.com",
                "phone": "04-1364-2563",
                "cell": "0430-054-364",
                "picture": {
                    "large": "https://randomuser.me/api/portraits/women/53.jpg",
                    "medium": "https://randomuser.me/api/portraits/med/women/53.jpg",
                    "thumbnail": "https://randomuser.me/api/portraits/thumb/women/53.jpg"
                }
            }
        },
        {
            "user": {
                "gender": "male",
                "name": {
                    "title": "mr",
                    "first": "jimmy",
                    "last": "collins"
                },
                "location": {
                    "street": "5313 mcclellan rd",
                    "city": "melbourne",
                    "state": "victoria",
                    "zip": 86202
                },
                "email": "jimmy.collins@example.com",
                "phone": "07-4164-5172",
                "cell": "0414-649-870",
                "picture": {
                    "large": "https://randomuser.me/api/portraits/men/92.jpg",
                    "medium": "https://randomuser.me/api/portraits/med/men/92.jpg",
                    "thumbnail": "https://randomuser.me/api/portraits/thumb/men/92.jpg"
                }
            }
        },
        {
            "user": {
                "gender": "female",
                "name": {
                    "title": "mrs",
                    "first": "april",
                    "last": "brown"
                },
                "location": {
                    "street": "9754 harrison ct",
                    "city": "mildura",
                    "state": "queensland",
                    "zip": 80968
                },
                "email": "april.brown@example.com",
                "phone": "07-5659-7911",
                "cell": "0465-811-590",
                "picture": {
                    "large": "https://randomuser.me/api/portraits/women/38.jpg",
                    "medium": "https://randomuser.me/api/portraits/med/women/38.jpg",
                    "thumbnail": "https://randomuser.me/api/portraits/thumb/women/38.jpg"
                }
            }
        },
        {
            "user": {
                "gender": "male",
                "name": {
                    "title": "mr",
                    "first": "rafael",
                    "last": "stevens"
                },
                "location": {
                    "street": "8586 cackson st",
                    "city": "townsville",
                    "state": "new south wales",
                    "zip": 18844
                },
                "email": "rafael.stevens@example.com",
                "phone": "00-9141-9385",
                "cell": "0475-467-871",
                "picture": {
                    "large": "https://randomuser.me/api/portraits/men/8.jpg",
                    "medium": "https://randomuser.me/api/portraits/med/men/8.jpg",
                    "thumbnail": "https://randomuser.me/api/portraits/thumb/men/8.jpg"
                }
            }
        },
        {
            "user": {
                "gender": "female",
                "name": {
                    "title": "miss",
                    "first": "holly",
                    "last": "marshall"
                },
                "location": {
                    "street": "2816 saddle dr",
                    "city": "busselton",
                    "state": "northern territory",
                    "zip": 53615
                },
                "email": "holly.marshall@example.com",
                "phone": "00-4592-1897",
                "cell": "0421-471-259",
                "picture": {
                    "large": "https://randomuser.me/api/portraits/women/5.jpg",
                    "medium": "https://randomuser.me/api/portraits/med/women/5.jpg",
                    "thumbnail": "https://randomuser.me/api/portraits/thumb/women/5.jpg"
                }
            }
        },
        {
            "user": {
                "gender": "male",
                "name": {
                    "title": "mr",
                    "first": "reginald",
                    "last": "payne"
                },
                "location": {
                    "street": "7701 hillcrest rd",
                    "city": "hervey bay",
                    "state": "tasmania",
                    "zip": 29725
                },
                "email": "reginald.payne@example.com",
                "phone": "00-9643-0083",
                "cell": "0446-769-683",
                "picture": {
                    "large": "https://randomuser.me/api/portraits/men/92.jpg",
                    "medium": "https://randomuser.me/api/portraits/med/men/92.jpg",
                    "thumbnail": "https://randomuser.me/api/portraits/thumb/men/92.jpg"
                }
            }
        },
        {
            "user": {
                "gender": "male",
                "name": {
                    "title": "mr",
                    "first": "lucas",
                    "last": "horton"
                },
                "location": {
                    "street": "1880 poplar dr",
                    "city": "kalgoorlie",
                    "state": "queensland",
                    "zip": 15076
                },
                "email": "lucas.horton@example.com",
                "phone": "04-0459-3023",
                "cell": "0455-141-868",
                "picture": {
                    "large": "https://randomuser.me/api/portraits/men/48.jpg",
                    "medium": "https://randomuser.me/api/portraits/med/men/48.jpg",
                    "thumbnail": "https://randomuser.me/api/portraits/thumb/men/48.jpg"
                }
            }
        },
        {
            "user": {
                "gender": "male",
                "name": {
                    "title": "mr",
                    "first": "same",
                    "last": "graham"
                },
                "location": {
                    "street": "6959 robinson rd",
                    "city": "hobart",
                    "state": "queensland",
                    "zip": 90122
                },
                "email": "same.graham@example.com",
                "phone": "08-8123-5841",
                "cell": "0468-328-041",
                "picture": {
                    "large": "https://randomuser.me/api/portraits/men/56.jpg",
                    "medium": "https://randomuser.me/api/portraits/med/men/56.jpg",
                    "thumbnail": "https://randomuser.me/api/portraits/thumb/men/56.jpg"
                }
            }
        },
        {
            "user": {
                "gender": "female",
                "name": {
                    "title": "miss",
                    "first": "loretta",
                    "last": "wade"
                },
                "location": {
                    "street": "5121 e little york rd",
                    "city": "shepparton",
                    "state": "queensland",
                    "zip": 32577
                },
                "email": "loretta.wade@example.com",
                "phone": "09-5744-1897",
                "cell": "0406-134-766",
                "picture": {
                    "large": "https://randomuser.me/api/portraits/women/86.jpg",
                    "medium": "https://randomuser.me/api/portraits/med/women/86.jpg",
                    "thumbnail": "https://randomuser.me/api/portraits/thumb/women/86.jpg"
                }
            }
        },
        {
            "user": {
                "gender": "male",
                "name": {
                    "title": "mr",
                    "first": "gerald",
                    "last": "larson"
                },
                "location": {
                    "street": "9974 smokey ln",
                    "city": "bundaberg",
                    "state": "western australia",
                    "zip": 25175
                },
                "email": "gerald.larson@example.com",
                "phone": "09-9664-3586",
                "cell": "0460-756-906",
                "picture": {
                    "large": "https://randomuser.me/api/portraits/men/54.jpg",
                    "medium": "https://randomuser.me/api/portraits/med/men/54.jpg",
                    "thumbnail": "https://randomuser.me/api/portraits/thumb/men/54.jpg"
                }
            }
        },
        {
            "user": {
                "gender": "male",
                "name": {
                    "title": "mr",
                    "first": "douglas",
                    "last": "dixon"
                },
                "location": {
                    "street": "7783 cherry st",
                    "city": "sunshine coast",
                    "state": "tasmania",
                    "zip": 27495
                },
                "email": "douglas.dixon@example.com",
                "phone": "04-8051-6234",
                "cell": "0455-899-918",
                "picture": {
                    "large": "https://randomuser.me/api/portraits/men/42.jpg",
                    "medium": "https://randomuser.me/api/portraits/med/men/42.jpg",
                    "thumbnail": "https://randomuser.me/api/portraits/thumb/men/42.jpg"
                }
            }
        },
        {
            "user": {
                "gender": "female",
                "name": {
                    "title": "ms",
                    "first": "avery",
                    "last": "moreno"
                },
                "location": {
                    "street": "3361 eason rd",
                    "city": "maitland",
                    "state": "australian capital territory",
                    "zip": 12670
                },
                "email": "avery.moreno@example.com",
                "phone": "08-6272-2843",
                "cell": "0406-805-982",
                "picture": {
                    "large": "https://randomuser.me/api/portraits/women/66.jpg",
                    "medium": "https://randomuser.me/api/portraits/med/women/66.jpg",
                    "thumbnail": "https://randomuser.me/api/portraits/thumb/women/66.jpg"
                }
            }
        },
        {
            "user": {
                "gender": "female",
                "name": {
                    "title": "mrs",
                    "first": "samantha",
                    "last": "washington"
                },
                "location": {
                    "street": "8917 e center st",
                    "city": "coffs harbour",
                    "state": "new south wales",
                    "zip": 18424
                },
                "email": "samantha.washington@example.com",
                "phone": "06-0951-0104",
                "cell": "0498-274-561",
                "picture": {
                    "large": "https://randomuser.me/api/portraits/women/81.jpg",
                    "medium": "https://randomuser.me/api/portraits/med/women/81.jpg",
                    "thumbnail": "https://randomuser.me/api/portraits/thumb/women/81.jpg"
                }
            }
        },
        {
            "user": {
                "gender": "female",
                "name": {
                    "title": "ms",
                    "first": "gina",
                    "last": "meyer"
                },
                "location": {
                    "street": "1718 harrison ct",
                    "city": "mildura",
                    "state": "western australia",
                    "zip": 46538
                },
                "email": "gina.meyer@example.com",
                "phone": "07-8759-7803",
                "cell": "0404-061-109",
                "picture": {
                    "large": "https://randomuser.me/api/portraits/women/55.jpg",
                    "medium": "https://randomuser.me/api/portraits/med/women/55.jpg",
                    "thumbnail": "https://randomuser.me/api/portraits/thumb/women/55.jpg"
                }
            }
        },
        {
            "user": {
                "gender": "female",
                "name": {
                    "title": "ms",
                    "first": "nicole",
                    "last": "woods"
                },
                "location": {
                    "street": "3507 marsh ln",
                    "city": "port macquarie",
                    "state": "western australia",
                    "zip": 81710
                },
                "email": "nicole.woods@example.com",
                "phone": "08-0107-6588",
                "cell": "0410-946-120",
                "picture": {
                    "large": "https://randomuser.me/api/portraits/women/35.jpg",
                    "medium": "https://randomuser.me/api/portraits/med/women/35.jpg",
                    "thumbnail": "https://randomuser.me/api/portraits/thumb/women/35.jpg"
                }
            }
        },
        {
            "user": {
                "gender": "female",
                "name": {
                    "title": "miss",
                    "first": "christina",
                    "last": "freeman"
                },
                "location": {
                    "street": "9517 marsh ln",
                    "city": "melbourne",
                    "state": "australian capital territory",
                    "zip": 93773
                },
                "email": "christina.freeman@example.com",
                "phone": "03-5808-2420",
                "cell": "0407-441-038",
                "picture": {
                    "large": "https://randomuser.me/api/portraits/women/86.jpg",
                    "medium": "https://randomuser.me/api/portraits/med/women/86.jpg",
                    "thumbnail": "https://randomuser.me/api/portraits/thumb/women/86.jpg"
                }
            }
        },
        {
            "user": {
                "gender": "female",
                "name": {
                    "title": "ms",
                    "first": "natalie",
                    "last": "bennett"
                },
                "location": {
                    "street": "4630 daisy dr",
                    "city": "wagga wagga",
                    "state": "tasmania",
                    "zip": 98654
                },
                "email": "natalie.bennett@example.com",
                "phone": "09-5616-4041",
                "cell": "0493-629-745",
                "picture": {
                    "large": "https://randomuser.me/api/portraits/women/39.jpg",
                    "medium": "https://randomuser.me/api/portraits/med/women/39.jpg",
                    "thumbnail": "https://randomuser.me/api/portraits/thumb/women/39.jpg"
                }
            }
        },
        {
            "user": {
                "gender": "female",
                "name": {
                    "title": "mrs",
                    "first": "kristina",
                    "last": "gutierrez"
                },
                "location": {
                    "street": "5092 northaven rd",
                    "city": "wagga wagga",
                    "state": "south australia",
                    "zip": 17749
                },
                "email": "kristina.gutierrez@example.com",
                "phone": "08-4233-3663",
                "cell": "0458-187-504",
                "picture": {
                    "large": "https://randomuser.me/api/portraits/women/6.jpg",
                    "medium": "https://randomuser.me/api/portraits/med/women/6.jpg",
                    "thumbnail": "https://randomuser.me/api/portraits/thumb/women/6.jpg"
                }
            }
        },
        {
            "user": {
                "gender": "female",
                "name": {
                    "title": "miss",
                    "first": "aubrey",
                    "last": "black"
                },
                "location": {
                    "street": "4328 walnut hill ln",
                    "city": "hervey bay",
                    "state": "tasmania",
                    "zip": 59410
                },
                "email": "aubrey.black@example.com",
                "phone": "04-3777-7721",
                "cell": "0450-744-141",
                "picture": {
                    "large": "https://randomuser.me/api/portraits/women/57.jpg",
                    "medium": "https://randomuser.me/api/portraits/med/women/57.jpg",
                    "thumbnail": "https://randomuser.me/api/portraits/thumb/women/57.jpg"
                }
            }
        },
        {
            "user": {
                "gender": "male",
                "name": {
                    "title": "mr",
                    "first": "fred",
                    "last": "payne"
                },
                "location": {
                    "street": "9340 w pecan st",
                    "city": "warrnambool",
                    "state": "victoria",
                    "zip": 45698
                },
                "email": "fred.payne@example.com",
                "phone": "01-2428-1488",
                "cell": "0418-397-940",
                "picture": {
                    "large": "https://randomuser.me/api/portraits/men/40.jpg",
                    "medium": "https://randomuser.me/api/portraits/med/men/40.jpg",
                    "thumbnail": "https://randomuser.me/api/portraits/thumb/men/40.jpg"
                }
            }
        },
        {
            "user": {
                "gender": "male",
                "name": {
                    "title": "mr",
                    "first": "edwin",
                    "last": "wilson"
                },
                "location": {
                    "street": "3782 mcclellan rd",
                    "city": "geelong",
                    "state": "new south wales",
                    "zip": 48216
                },
                "email": "edwin.wilson@example.com",
                "phone": "02-5882-8300",
                "cell": "0499-619-930",
                "picture": {
                    "large": "https://randomuser.me/api/portraits/men/36.jpg",
                    "medium": "https://randomuser.me/api/portraits/med/men/36.jpg",
                    "thumbnail": "https://randomuser.me/api/portraits/thumb/men/36.jpg"
                }
            }
        },
        {
            "user": {
                "gender": "male",
                "name": {
                    "title": "mr",
                    "first": "clarence",
                    "last": "holmes"
                },
                "location": {
                    "street": "1161 country club rd",
                    "city": "devonport",
                    "state": "south australia",
                    "zip": 25263
                },
                "email": "clarence.holmes@example.com",
                "phone": "00-1770-6291",
                "cell": "0406-061-084",
                "picture": {
                    "large": "https://randomuser.me/api/portraits/men/0.jpg",
                    "medium": "https://randomuser.me/api/portraits/med/men/0.jpg",
                    "thumbnail": "https://randomuser.me/api/portraits/thumb/men/0.jpg"
                }
            }
        }
    ],
    "nationality": "AU",
    "seed": "42aee4c5aabcf24900",
    "version": "0.7"
}
